<?xml version="1.0" encoding="UTF-8"?>
<simplicite xmlns:xsi="http://www.w3.org/2001/XMLSchema-instance" xmlns="http://www.simplicite.fr/base" xsi:schemaLocation="http://www.simplicite.fr/base https://www.simplicite.io/resources/schemas/base.xsd">
<object>
	<name>RstLocation</name>
	<action>upsert</action>
	<data>
		<rstLocName>Atlanta / Downtown</rstLocName>
		<rstLocState>GA</rstLocState>
		<rstLocDescription/>
		<rstLocCoordinates>33.760412432091826;-84.39205323180242</rstLocCoordinates>
		<rstLocExtent>5</rstLocExtent>
	</data>
	<data>
		<rstLocName>New York / Manhattan</rstLocName>
		<rstLocState>NY</rstLocState>
		<rstLocDescription/>
		<rstLocCoordinates>40.748132969441656;-73.98488304848256</rstLocCoordinates>
		<rstLocExtent>3</rstLocExtent>
	</data>
</object>
<object>
	<name>RstRestaurant</name>
	<action>upsert</action>
</object>
<object>
	<name>RstComments</name>
	<action>upsert</action>
</object>
</simplicite>
